"case_id","case_id_slug","case_name_he","case_name_en","ruling_date","filing_date","panel_size","petitioner_type","petitioner_name_en","petitioner_name_he","respondent","doctrine_invoked","outcome","vote_majority","vote_minority","majority_authors","minority_authors","official_url","summary_en","summary_he","compliance_state"
"בג""ץ 427/10/25 ובג""ץ 453/10/25 (מאוחדות)","427-10-25-zini","התנועה למען איכות השלטון בישראל ואח' נ' ממשלת ישראל ואח'","Movement for Quality Government in Israel et al. v. Government of Israel et al.","2025-12-28","2025-06-08","3","NGO","Movement for Quality Government in Israel (Atty. Eliad Shraga); four former Shin Bet directors — Nadav Argaman, Ami Ayalon, Carmi Gillon, and one additional — and additional petitioners (7 petitions in total)","התנועה למען איכות השלטון בישראל (עו""ד אליעד שרגא); ארבעה ראשי שב""כ לשעבר — נדב ארגמן, עמי איילון, כרמי גילון, ונוסף — ועותרים נוספים (7 עתירות בסך הכל)","Government","conflict_of_interest; reasonableness","dismissed","2","1","sohlberg; mintz","amit","https://supremedecisions.court.gov.il/Home/Download?path=NetVerdicts/2025/12/28/2025-10-427-13-2&fileName=05b2a0af994d458db9dd0b81568028ff&type=4","The Supreme Court, by a 2-1 majority, dismissed seven petitions against the appointment of David Zini as Director of the Shin Bet. Justices Sohlberg and Mintz held that once the Attorney General and Prime Minister had agreed on an appointment mechanism that was then applied by the Gronis Committee, judicial intervention was warranted only in exceptional cases not present here. President Amit, in dissent, would have remanded the matter to the Gronis Committee to examine the Prime Minister's own conflict of interest.","בית המשפט העליון, ברוב של 2-1, דחה שבע עתירות נגד מינויו של דוד זיני לראשות השב""כ. השופטים סולברג ומינץ קבעו כי משעה שהיועמ""שית וראש הממשלה הגיעו להסכמה על מנגנון מינוי שיושם על-ידי ועדת גרוניס, התערבות שיפוטית מוצדקת רק במקרים חריגים שלא מתקיימים כאן. הנשיא עמית בדעת מיעוט סבר כי יש להחזיר את התיק לוועדת גרוניס לבחינת ניגוד-העניינים של ראש הממשלה עצמו.","n/a"
"בג""ץ 18225-06-25","18225-06-25-baharav-miara","גילון ואח' נ' ממשלת ישראל ואח' (עתירות נגד החלטות ממשלה 3125 ו-3306)","Gillon et al. v. Government of Israel et al. (petitions against Cabinet Resolutions 3125 and 3306)","2025-12-14","2025-06-09","7","NGO","Carmi Gillon (former Shin Bet director), Movement for Quality Government in Israel, Israel Bar Association, and additional petitioners (4 consolidated dockets)","כרמי גילון (ראש שב""כ לשעבר), התנועה למען איכות השלטון בישראל, לשכת עורכי-הדין, ועותרים נוספים (4 עתירות מאוחדות)","Cabinet","procedural_review; conflict_of_interest","struck_down","7","","amit","","https://supremedecisions.court.gov.il/Home/Download?path=NetVerdicts%2F2025%2F12%2F14%2F2025-6-18225-46-2&fileName=c679628666624044834964934086f82c&type=4","An expanded seven-justice panel unanimously struck down both cabinet decisions — the June 2025 amendment removing the requirement to consult the public-professional committee, and the August 2025 vote to fire the Attorney General. The Court held that the procedural change and the dismissal vote were adopted hastily, without a proper factual or legal basis, without consulting professional bodies, and without considering alternatives. Baharav-Miara remains in office.","הרכב מורחב של שבעה שופטים פה אחד ביטל את שתי החלטות הממשלה — את התיקון מיוני 2025 שביטל את חובת ההיוועצות בוועדה הציבורית-מקצועית, ואת ההצבעה מאוגוסט 2025 על פיטורי היועמ""שית. בית המשפט קבע כי השינוי הפרוצדורלי וההצבעה התקבלו בחיפזון, ללא בסיס עובדתי או משפטי הולם, ללא היוועצות בגופים מקצועיים, וללא שקילת חלופות. בהרב-מיארה נותרת בתפקידה.","contested"
"בג""ץ 5819/24","5819-24-conscription-enforcement","התנועה למען איכות השלטון בישראל נ' שר הביטחון ואח'","Movement for Quality Government in Israel v. Minister of Defense et al.","2025-11-19","","2","NGO","Movement for Quality Government in Israel (with additional petitions)","התנועה למען איכות השלטון בישראל (ועתירות נוספות)","Government","","mandatory_order","","","sohlberg","","https://supremedecisions.court.gov.il/Home/Download?path=NetVerdicts/2025/11/25/2024-0-5819-47-2&fileName=e5a3b5b49a010000090037f6afb111f4&type=2","On 19 November 2025 an expanded five-justice panel, led by Deputy President Noam Sohlberg, issued an order absolute directing the government to formulate within 45 days (by 4 January 2026) an effective enforcement policy that would lead to the actual conscription of Haredi yeshiva students. The order was unanimous.","ביום 19 בנובמבר 2025 הוציא הרכב מורחב של חמישה שופטים, בראשות המשנה לנשיא נעם סולברג, צו מוחלט המורה לממשלה לגבש בתוך 45 ימים (עד 4 בינואר 2026) מדיניות אכיפה אפקטיבית שתביא לגיוס בפועל של תלמידי ישיבה חרדים. הצו ניתן פה אחד.","contested"
"בג""ץ 54321-03-25","54321-03-25-ronen-bar-shin-bet","התנועה למען איכות השלטון בישראל ואח' נ' ממשלת ישראל ואח'","Movement for Quality Government in Israel et al. v. Government of Israel et al. (dismissal of ISA Director Ronen Bar)","2025-05-21","","3","NGO","Movement for Quality Government in Israel et al. (consolidated petitions)","התנועה למען איכות השלטון בישראל ואח' (עתירות מאוחדות)","Government","conflict_of_interest; procedural_review","declarative","2","1","amit; barak-erez","sohlberg","https://supremedecisions.court.gov.il/Home/Download?path=NetVerdicts/2025/5/21/2025-3-54321-19-2&fileName=98373ea7f7aa4aa08c7d15995850f38f&type=4","On 21 May 2025 the High Court of Justice held that the government's decision to terminate the tenure of Shin Bet Director Ronen Bar was unlawful — taken without referral to the Senior Appointments Advisory Committee, while the Prime Minister was in a conflict of interest, without an adequate factual basis and without a proper hearing. The Court granted no operative remedy because Bar had announced he would step down.","ביום 21 במאי 2025 קבע בג""ץ כי החלטת הממשלה להפסיק את כהונת ראש השב""כ רונן בר התקבלה שלא כדין — ללא העברת העניין לוועדה המייעצת למינויים בכירים, בעת שראש הממשלה היה בניגוד עניינים, ללא תשתית עובדתית מספקת וללא שימוע כדין. בית המשפט לא נתן סעד אופרטיבי משום שבר הודיע כי יסיים את תפקידו.","n/a"
"בג""ץ 8987/22","8987-22-levin-jsc","התנועה למען איכות השלטון בישראל ואח' נ' שר המשפטים ואח' (עתירות מאוחדות: בג""ץ 99/23, בג""ץ 179/23, בג""ץ 1711/24, בג""ץ 896/24)","Movement for Quality Government in Israel et al. v. Minister of Justice et al. (consolidated petitions: HCJ 99/23, HCJ 179/23, HCJ 1711/24, HCJ 896/24)","2024-09-12","","3","NGO","Movement for Quality Government in Israel (with additional petitioners across the consolidated dockets)","התנועה למען איכות השלטון בישראל (ועותרים נוספים בעתירות המאוחדות)","Minister","ultra_vires; reasonableness; separation_of_powers; judicial_independence","mandatory_order","3","","","","https://supremedecisions.court.gov.il/Home/Download?path=NetVerdicts/2025/1/2/2022-0-8987-62-2&fileName=4ffc7b6d16c8431d90ce364e5395ba33&type=2","A three-justice panel (Willner, Grosskopf, Stein) unanimously issued an absolute order requiring Justice Minister Yariv Levin to convene the Judicial Selection Committee to elect a permanent President of the Supreme Court, and to publish in the official gazette the list of candidates within 14 days. The Court held that section 7(a) of the Courts Law imposes a duty on the Minister to act for the appointment of justices, and that the Minister's policy of conditioning the convening of the Committee on broad consensus negated the purpose of the statute.","הרכב של שלושה שופטים (וילנר, גרוסקופף, שטיין) הוציא פה אחד צו מוחלט המחייב את שר המשפטים יריב לוין לכנס את הוועדה לבחירת שופטים לבחירת נשיא קבוע לבית המשפט העליון, ולפרסם ברשומות את רשימת המועמדים לתפקיד תוך 14 ימים. בית המשפט קבע כי סעיף 7(א) לחוק בתי המשפט מטיל על השר חובה לפעול לשם מינוי שופטים, וכי מדיניות השר להתנות את כינוס הוועדה בהשגת הסכמה רחבה מאיינת את תכלית החוק.","complied"
"בג""ץ 5119/23","5119-23-incapacitation","התנועה למען איכות השלטון בישראל ואח' נ' הכנסת ואח'","Movement for Quality Government in Israel et al. v. The Knesset et al.","2024-01-03","","11","NGO","Movement for Quality Government in Israel (with additional consolidated petitions)","התנועה למען איכות השלטון בישראל (ועתירות נוספות מאוחדות)","Knesset","constituent_authority_limits; basic_law_government","partially_struck","6","5","hayut","sohlberg; mintz; willner; stein; kasher","https://supremedecisions.court.gov.il/Home/Download?path=HebrewVerdicts/23/190/051/m17&fileName=23051190.M17&type=2","The Supreme Court, sitting as an eleven-justice expanded panel, by a 6-5 majority held that Amendment No. 12 to Basic Law: The Government (the Incapacitation Law) constituted an abuse of the Knesset's constituent authority because it was enacted for a personal purpose relating to the incumbent Prime Minister. Rather than striking the amendment down, the Court interpreted it so that its application is deferred until after the next Knesset elections. Justices Sohlberg, Mintz, Willner, Stein, and Kasher dissented. The judgment applied the tests of HCJ 5969/20 Shafir.","בית המשפט העליון, בהרכב מורחב של אחד-עשר שופטים, ברוב של 6-5, קבע כי תיקון מס' 12 לחוק-יסוד: הממשלה (חוק ההתנערות) מהווה שימוש לרעה בסמכות המכוננת של הכנסת, מאחר שהוא נחקק לתכלית אישית הנוגעת לראש הממשלה המכהן. במקום לבטל את התיקון, פירש בית המשפט את התיקון כך שתחולתו תידחה עד לאחר הבחירות הבאות לכנסת. השופטים סולברג, מינץ, וילנר, שטיין וכשר חלקו בדעת מיעוט. פסק הדין יישם את מבחני בג""ץ 5969/20 שפיר, ובפרט את מבחן 'החקיקה האישית'.","complied"
"בג""ץ 5658/23","5658-23","התנועה למען איכות השלטון בישראל ואח' נ' הכנסת ואח'","Movement for Quality Government in Israel et al. v. The Knesset et al.","2024-01-01","","15","NGO","Movement for Quality Government in Israel (with additional consolidated petitions including the Israel Bar Association)","התנועה למען איכות השלטון בישראל (ועתירות נוספות מאוחדות)","Knesset","constituent_authority_limits; basic_law_judiciary","struck_down","8","7","hayut; vogelman; amit; barak-erez; baron; grosskopf; kabub; ronen","sohlberg; mintz; elron; willner; stein; canfy-steinitz; kasher","https://supremedecisions.court.gov.il/Home/Download?path=HebrewVerdicts%2F23%2F580%2F056%2Fv31&fileName=23056580.V31&type=2","The Supreme Court, sitting as an en banc panel of 15 justices, by an 8-7 majority struck down Amendment No. 3 to Basic Law: The Judiciary, holding that the amendment caused an extreme injury to the core characteristics of the State of Israel as a Jewish and democratic state. In a separate 12-3 holding, the Court established in principle its authority to review Basic Law amendments that exceed the Knesset's constituent authority.","בית המשפט העליון, בהרכב מלא של 15 שופטים, ביטל ברוב של 8-7 את תיקון מס' 3 לחוק-יסוד: השפיטה, וקבע כי התיקון פוגע במידה קיצונית במאפייני הליבה של מדינת ישראל כמדינה יהודית ודמוקרטית. בהחלטה נפרדת ברוב של 12-3 קבע בית המשפט עקרונית את סמכותו לבחון תיקונים לחוקי-יסוד החורגים מסמכותה המכוננת של הכנסת.","complied"
"בג""ץ 8948/22","8948-22-deri","התנועה למען איכות השלטון בישראל ואח' נ' ראש הממשלה ואח'","Movement for Quality Government in Israel et al. v. Prime Minister et al.","2023-01-18","","11","NGO","Movement for Quality Government in Israel (with additional petitions)","התנועה למען איכות השלטון בישראל (ועתירות נוספות)","Prime Minister","reasonableness","struck_down","10","1","hayut","elron","https://supremedecisions.court.gov.il/Home/Download?path=HebrewVerdicts%2F22%2F480%2F089%2Fp14&fileName=22089480.P14&type=2","The Supreme Court, sitting as an expanded 11-justice panel, struck down the appointment of Aryeh Deri as Minister of Interior and Minister of Health by a 10-1 majority. The Court held that the appointment exceeded the boundaries of reasonableness in an extreme manner given the circumstances, including Deri's tax-fraud conviction and his sworn court representation during plea-bargain proceedings that he would retire from public life.","בית המשפט העליון, בהרכב מורחב של 11 שופטים, ביטל ברוב של 10-1 את מינויו של אריה דרעי לשר הפנים ושר הבריאות. בית המשפט קבע כי בנסיבות המקרה — לרבות הרשעת דרעי בעבירות מס והצהרתו לבית המשפט במסגרת הסדר טיעון כי יפרוש מהחיים הציבוריים — המינוי חרג ממתחם הסבירות באופן קיצוני.","complied"
"בג""ץ 5782/21","5782-21-zilber","זילבר ואח' נ' שר האוצר","Zilber et al. v. Minister of Finance","2022-01-12","","3","Individual","Leah Zilber and others","לאה זילבר ואחרים","Minister","reasonableness","partially_struck","3","","stein","","https://supremedecisions.court.gov.il/Home/Download?path=HebrewVerdicts%5C21%5C820%5C057%5Cf24&fileName=21057820.F24&type=4","The Supreme Court, unanimously, ordered the prior criteria for daycare subsidies for yeshiva-student families to be reinstated through the end of the academic year. The Court held that terminating a long-standing welfare support mid-year, without a transition period, was unreasonable in light of citizens' legitimate reliance interests.","בית המשפט העליון, פה אחד, הורה להחזיר את הקריטריונים הקודמים לסבסוד מעונות לילדי אברכים עד תום שנת הלימודים. בית המשפט קבע כי הפסקת תמיכה רווחתית ארוכת-שנים באמצע שנה, ללא תקופת מעבר, אינה סבירה לאור אינטרס ההסתמכות של האזרחים.","complied"
"בג""ץ 5969/20","5969-20-shafir","סתיו שפיר ואח' נ' הכנסת ואח'","Stav Shafir et al. v. The Knesset et al.","2021-05-23","","9","Party","Stav Shafir (former MK) and others (consolidated petitions, including civil-society NGO co-petitioners)","סתיו שפיר (לשעבר ח""כ) ואח' (עתירות מאוחדות, ובכללן עתירות של ארגוני חברה אזרחית)","Knesset","abuse_of_constituent_power; constituent_authority_limits; basic_law_government","warning_of_voidness","6","3","hayut; hendel; amit; barak-erez; baron; karra","sohlberg; mintz; elron","https://supremedecisions.court.gov.il/Home/Download?path=HebrewVerdicts%5C20%5C690%5C059%5Cv16&fileName=20059690.V16&type=2","The Supreme Court, sitting as a nine-justice expanded panel, issued a 'warning of voidness' (התראת בטלות) regarding the temporary amendments to Basic Law: The State Economy and Basic Law: The Knesset — declining to strike the amendments but signaling that future similar amendments would be void. President Hayut wrote the lead opinion for the six-justice majority. Justices Sohlberg, Mintz, and Elron dissented. The judgment established the tests of abuse of constituent power, generality, and compatibility with the constitutional fabric.","בית המשפט העליון, בהרכב מורחב של תשעה שופטים, הוציא 'התראת בטלות' ביחס לתיקון הזמני לחוק-יסוד: משק המדינה ולחוק-יסוד: הכנסת — קרי, נמנע מלבטל את התיקון אך קבע כי תיקונים דומים בעתיד ייפסלו. הנשיאה חיות כתבה את חוות הדעת המובילה ברוב של שישה שופטים. השופטים סולברג, מינץ ואלרון חלקו במיעוט. פסק הדין גיבש את מבחני 'השימוש לרעה בסמכות מכוננת', 'הכלליות' ו'ההתאמה למרקם החוקתי', אשר יושמו בהמשך בבג""ץ 5658/23 ובבג""ץ 5119/23.","complied"
"בג""ץ 1308/17","1308-17-silwad-settlements","מועצה מקומית סילוואד ואח' נ' הכנסת ואח'","Silwad Municipality et al. v. The Knesset et al.","2020-06-09","","9","Local-Authority","Silwad Municipality and others (consolidated petitions, including human-rights organizations)","מועצה מקומית סילוואד ואח' (עתירות מאוחדות, ובכללן עתירות של ארגוני זכויות אדם)","Knesset","basic_law_human_dignity_and_liberty; proportionality; constitutional_supremacy","struck_down","8","1","hayut","sohlberg","https://supremedecisions.court.gov.il/Home/Download?path=HebrewVerdicts%5C17%5C080%5C013%5Cv48&fileName=17013080.V48&type=4","The Supreme Court, sitting as a nine-justice panel, struck down the Settlements Regularization Law by an 8-1 vote. The lead opinion, authored by President Hayut, held that the law disproportionately violated the property rights and dignity of Palestinian landowners whose private land was retroactively expropriated to legalize Israeli settlement built on it. Justice Sohlberg dissented.","בית המשפט העליון בהרכב של תשעה שופטים פסל ברוב של 8-1 את חוק ההסדרה, אשר אפשר הפקעה רטרואקטיבית של קרקעות פלסטיניות פרטיות לצורך הסדרת התיישבות ישראלית. חוות הדעת המובילה נכתבה על-ידי הנשיאה חיות, וקבעה כי החוק פוגע באופן בלתי-מידתי בזכות לקניין ובכבוד האדם של בעלי הקרקעות. השופט סולברג חלק במיעוט.","complied"
"בג""ץ 1892/14","1892-14-acri-prison-space","האגודה לזכויות האזרח בישראל ואח' נ' השר לביטחון פנים","Association for Civil Rights in Israel et al. v. Minister of Public Security","2017-06-13","","3","NGO","Association for Civil Rights in Israel and additional human-rights NGOs","האגודה לזכויות האזרח בישראל ואירגוני זכויות-אדם נוספים","Minister","reasonableness","struck_down","3","","rubinstein","","https://supremedecisions.court.gov.il/Home/Download?path=HebrewVerdicts%5C14%5C920%5C018%5Ct28&fileName=14018920_t28.txt&type=2","The Supreme Court, unanimously, issued a mandatory order requiring the Ministry of Public Security and the Israel Prison Service to implement the minimum 4 m² living space per prisoner within 18 months. The Court held that the prolonged administrative failure, despite the existence of the regulation, exceeded the boundaries of reasonableness.","בית המשפט העליון, פה אחד, הוציא צו על-תנאי המחייב את משרד הביטחון הפנים ושב""ס ליישם את התקן המינימלי של 4 מ""ר שטח מחיה לאסיר תוך 18 חודשים. בית המשפט קבע כי המחדל המנהלי המתמשך, חרף קיומה של התקנה, חורג ממתחם הסבירות.","contested"
"בג""ץ 4374/15","4374-15-mqg-gas-framework","התנועה למען איכות השלטון בישראל ואח' נ' ראש הממשלה ואח'","Movement for Quality Government in Israel et al. v. The Prime Minister et al.","2016-03-27","","5","NGO","Movement for Quality Government in Israel et al. (consolidated petitions)","התנועה למען איכות השלטון בישראל ואח' (עתירות מאוחדות)","Prime Minister","ultra_vires; separation_of_powers","partially_struck","","","naor","","https://supremedecisions.court.gov.il/Home/Download?path=HebrewVerdicts%2F15%2F740%2F043%2Ft63&fileName=15043740.T63&type=2","The Supreme Court struck down the 'stability clause' in the government's natural-gas framework, which had guaranteed offshore-gas operators regulatory stability for a decade. The Court held that the clause exceeded the government's authority to bind the future legislative sovereign by a commitment not anchored in statute, effectively voiding the framework as a whole. President Naor authored the lead opinion.","בית המשפט העליון פסל את 'סעיף היציבות' במתווה הגז של הממשלה, אשר הבטיח לחברות המפעילות שדות גז ימיים יציבות רגולטורית למשך עשור. בית המשפט קבע כי הסעיף חורג מסמכות הממשלה לכבול את הריבון העתידי-החקיקתי בהתחייבות שאינה מעוגנת בחקיקה, ובפועל בוטל המתווה כולו. הנשיאה נאור כתבה את חוות הדעת המובילה.","complied"
"בג""ץ 3132/15","3132-15-yesh-atid-litzman","סיעת יש עתיד נ' ראש הממשלה","Yesh Atid Party v. Prime Minister","2015-08-23","","5","Party","Yesh Atid Party (Yair Lapid)","סיעת יש עתיד (יאיר לפיד)","Prime Minister","reasonableness; basic_law_government","struck_down","5","","naor","","https://supremedecisions.court.gov.il/Home/Download?path=HebrewVerdicts%5C15/320/031/c22&fileName=15031320.c22&type=4","The Supreme Court, unanimously, held that the 'deputy-minister-with-minister-authority' arrangement — in which a deputy minister effectively runs an entire ministry in the absence of an appointed minister — is inconsistent with the structure of Basic Law: The Government. The Court ordered the arrangement terminated within 60 days and characterized it as unreasonable in the circumstances.","בית המשפט העליון, פה אחד, קבע כי ההסדר של ""סגן שר במעמד שר"" - שבו סגן שר מנהל בפועל משרד שלם בהיעדר שר ממונה - אינו מתיישב עם מבנה חוק יסוד: הממשלה. בית המשפט הורה לסיים את ההסדר תוך 60 ימים והגדיר אותו כבלתי-סביר בנסיבות.","complied"
"בג""ץ 8665/14","8665-14-desta-holot","דסטה ואח' נ' הכנסת ואח'","Desta et al. v. The Knesset et al.","2015-08-11","","9","Individual","Desta et al. (asylum seekers held at Holot Residence Center, together with human-rights organizations)","דסטה ואח' (מבקשי מקלט המוחזקים במתקן 'חולות', יחד עם ארגוני זכויות אדם)","Knesset","basic_law_human_dignity_and_liberty; proportionality","partially_struck","","","naor","","https://supremedecisions.court.gov.il/Home/Download?path=HebrewVerdicts%2F14%2F650%2F086%2Fc15&fileName=14086650.c15&type=4","The Supreme Court, sitting as a nine-justice panel led by President Naor, partially struck down Amendment No. 5 to the Prevention of Infiltration Law. The Court held that the 20-month residence cap at the Holot Center was disproportionate and shortened it to 12 months. Detainees beyond the new cap were ordered released within 15 days, and the Knesset was required to amend the law accordingly.","בית המשפט העליון בהרכב של תשעה שופטים, בראשות הנשיאה נאור, ביטל חלקית את תיקון מס' 5 לחוק למניעת הסתננות. בית המשפט קבע כי תקופת השהייה במתקן 'חולות' של עד 20 חודשים אינה מידתית, וצמצם אותה ל-12 חודשים. הוורתה הוצאה לשחרור עצורים החורגים מהתקופה החדשה תוך 15 ימים. הכנסת חויבה לתקן את החוק בהתאם.","complied"
"עע""ם 662/11","662-11-sela-kfar-vradim-mikveh","סלע ואח' נ' ראש המועצה המקומית כפר ורדים סיון יחיאלי","Sela et al. v. Head of Kfar Vradim Local Council Sivan Yehieli","2014-09-09","","3","Individual","Yehudit Sela and nine other residents of Kfar Vradim","יהודית סלע ותשעה תושבים נוספים מכפר ורדים","Local-Authority","reasonableness","struck_down","3","","vogelman","","https://supremedecisions.court.gov.il/Home/Download?path=HebrewVerdicts%5C11%5C620%5C006%5Cm19&fileName=11006620_m19.txt&type=2","The Supreme Court, sitting as a three-justice panel, unanimously reversed the district court ruling and held that the Local Council's refusal to construct a mikveh failed the reasonableness test. The Court ordered the Council to proceed with construction. The Court found that budgetary considerations had been disproportionately weighted against the substantial religious need of observant residents.","בית המשפט העליון, בהרכב שלושה שופטים, פה אחד הפך את פסק-הדין של בית המשפט המחוזי וקבע כי הסירוב של המועצה המקומית לבנות מקווה אינו עומד במבחן הסבירות. בית המשפט הורה למועצה לקדם את הבנייה. בהרכב הסירוב נמצא כי שיקולי תקציב שוקלל באופן בלתי-סביר אל מול הצורך הדתי המהותי של התושבים.","complied"
"בג""ץ 7146/12","7146-12-adam-infiltration","אדם ואח' נ' הכנסת ואח'","Adam et al. v. The Knesset et al.","2013-09-16","","9","Individual","Adam et al. (asylum seekers, together with human-rights organizations)","אדם ואח' (מבקשי מקלט, יחד עם ארגוני זכויות אדם)","Knesset","basic_law_human_dignity_and_liberty; proportionality","struck_down","9","","","","https://supremedecisions.court.gov.il/Home/Download?path=HebrewVerdicts%2F12%2F460%2F071%2FB24&fileName=12071460.B24&type=4","The Supreme Court, sitting as a nine-justice panel, unanimously struck down Amendment No. 3 to the Prevention of Infiltration Law, which had authorized the detention of asylum seekers for up to three years without a concrete judicial proceeding. The Court held that prolonged detention was a disproportionate violation of the rights to liberty and dignity under Basic Law: Human Dignity and Liberty, and ordered release of detainees within 90 days.","בית המשפט העליון בהרכב של תשעה שופטים פסל פה אחד את תיקון מס' 3 לחוק למניעת הסתננות, אשר אפשר החזקה במשמורת של מבקשי מקלט עד שלוש שנים ללא הליך שיפוטי קונקרטי. בית המשפט קבע כי המעצר הממושך מהווה פגיעה בלתי-מידתית בזכות לחירות ולכבוד על-פי חוק-יסוד: כבוד האדם וחירותו, וחייב את שחרור המוחזקים בתוך 90 ימים.","complied"
"בג""ץ 6298/07","6298-07-ressler","יהודה רסלר ואח' נ' הכנסת","Yehuda Ressler et al. v. The Knesset","2012-02-21","","9","Individual","Yehuda Ressler et al. (consolidated petitions)","יהודה רסלר ואח' (עתירות מאוחדות)","Knesset","basic_law_human_dignity_and_liberty; proportionality; constitutional_supremacy","struck_down","6","3","beinisch","grunis","https://supremedecisions.court.gov.il/Home/Download?path=HebrewVerdicts%5C07%5C980%5C062%5Cn18&fileName=07062980_n18.txt&type=2","The Supreme Court, sitting as a nine-justice panel, struck down the Tal Law by a 6-3 vote, holding that it was a disproportionate violation of the equality principle under Basic Law: Human Dignity and Liberty. President Beinisch authored the lead majority opinion; Deputy President Grunis dissented. This was the first Supreme Court annulment of a major Knesset social-policy statute.","בית המשפט העליון בהרכב של תשעה שופטים פסל ברוב של 6-3 את חוק טל בקובעו כי הוא מהווה הפרה בלתי-מידתית של עיקרון השוויון על-פי חוק-יסוד: כבוד האדם וחירותו. חוות הדעת המובילה נכתבה על-ידי הנשיאה ביניש; המשנה לנשיא גרוניס חלק במיעוט. זוהי הביטול הראשון של חוק מרכזי של הכנסת בתחום מדיניות חברתית.","complied"
"בג""ץ 2605/05","2605-05-academic-center-prison","המרכז האקדמי למשפט ולעסקים ואח' נ' שר האוצר ואח'","Academic Center of Law and Business et al. v. Minister of Finance et al.","2009-11-19","","9","NGO","Academic Center of Law and Business et al.","המרכז האקדמי למשפט ולעסקים ואח'","Knesset","basic_law_human_dignity_and_liberty; proportionality","struck_down","","","beinisch","","https://supremedecisions.court.gov.il/Home/Download?path=HebrewVerdicts%5C05%5C050%5C026%5Cn39&fileName=05026050_n39.txt&type=4","The Supreme Court struck down Amendment No. 28 to the Prisons Ordinance, which had authorized a privately-operated prison. The lead opinion, by President Beinisch, held that privatizing the core sovereign function of coercive control over prisoners violated the rights to dignity and liberty under Basic Law: Human Dignity and Liberty. This was the first ruling articulating a constitutional limit on the privatization of core sovereign functions.","בית המשפט העליון פסל את תיקון מס' 28 לפקודת בתי הסוהר, אשר אפשר הקמת בית סוהר פרטי. חוות הדעת המובילה, שכתבה הנשיאה ביניש, קבעה כי הפרטת תפקיד שלטוני-ליבה של השליטה הכפויה על אסירים מהווה הפרה של זכות הכבוד והחירות לפי חוק-יסוד: כבוד האדם וחירותו. זוהי פסיקה ראשונה הקובעת מגבלה חוקתית על הפרטת תפקידי ליבה ריבוניים.","complied"
"בג""ץ 8276/05","8276-05-adalah-civil-wrongs","עדאלה — המרכז המשפטי לזכויות המיעוט הערבי בישראל ואח' נ' שר הביטחון","Adalah — The Legal Center for Arab Minority Rights in Israel et al. v. Minister of Defense","2006-12-12","","9","NGO","Adalah — The Legal Center for Arab Minority Rights in Israel et al.","עדאלה — המרכז המשפטי לזכויות המיעוט הערבי בישראל ואח'","Knesset","basic_law_human_dignity_and_liberty; proportionality","struck_down","9","","barak","","https://supremedecisions.court.gov.il/Home/Download?path=PediVerdicts%5C62%5C1&fileName=SB1_1_8276-05.pdf&type=4","The Supreme Court, sitting as a nine-justice panel led by President Barak, unanimously struck down Amendment No. 7 to the Civil Wrongs (Liability of the State) Law, which had exempted the state from liability for civil damage caused in 'conflict zones'. The Court held that the blanket exemption disproportionately violated the rights to life, dignity, and property of civilian victims under Basic Law: Human Dignity and Liberty.","בית המשפט העליון בהרכב של תשעה שופטים, בראשות הנשיא ברק, פסל פה אחד את תיקון מס' 7 לחוק הנזיקים האזרחיים (אחריות המדינה), אשר פטר את המדינה מאחריות לנזקים אזרחיים שנגרמו ב'אזור עימות'. בית המשפט קבע כי הפטור הסיטוני פוגע באופן בלתי-מידתי בזכויות לחיים, לכבוד ולקניין של נפגעים אזרחיים על-פי חוק-יסוד: כבוד האדם וחירותו.","complied"
"ע""א 6821/93","6821-93-bank-mizrahi","בנק המזרחי המאוחד בע""מ נ' מגדל כפר שיתופי","United Mizrahi Bank Ltd. v. Migdal Cooperative Village","1995-11-09","","9","Individual","United Mizrahi Bank Ltd.","בנק המזרחי המאוחד בע""מ","Statute","constitutional_supremacy; basic_law_human_dignity_and_liberty","declarative","9","","barak; levin; cheshin; or; goldberg; bach; maltz; tal; dorner","","https://supremedecisions.court.gov.il/Home/Download?path=EnglishVerdicts%5C93%5C210%5C068%5Cz01&fileName=93068210_z01.txt&type=2","The Supreme Court, sitting as an expanded nine-justice panel, unanimously dismissed the banks' appeal and left in place the Family Agricultural Sector (Arrangements) Law. By a majority, the Court held that the Basic Laws have supreme constitutional status and that the Court has authority to review primary legislation conflicting with them. President Barak articulated the 'constituent authority' theory of the Knesset; Justice Cheshin dissented from the doctrinal basis for Basic Law supremacy. Reported at P""D 49(4) 221.","בית המשפט העליון, בהרכב מורחב של תשעה שופטים, דחה פה אחד את ערעור הבנקים והותיר על כנו את חוק ההסדרים במגזר החקלאי המשפחתי. ברוב דעות קבע בית המשפט כי חוקי-היסוד הם בעלי מעמד חוקתי-עליון וכי לבית המשפט סמכות לבקר חקיקה ראשית הסותרת אותם. הנשיא ברק ניסח את 'תורת הסמכות המכוננת' של הכנסת, ואילו השופט חשין חלק על הביסוס לעליונות חוקי-היסוד. פורסם בפ""ד מט(4) 221.","n/a"
"בג""ץ 156/75","156-75-dakka","פאוזי דקה נ' שר התחבורה","Fawzi Dakka v. Minister of Transportation","1976-01-01","","3","Individual","Fawzi Dakka","פאוזי דקה","Minister","reasonableness","declarative","3","","shamgar","","https://versa.cardozo.yu.edu/topics/judicial-reasonableness","The Supreme Court, sitting as the High Court of Justice in a three-justice panel, unanimously dismissed the petition. In the lead opinion, authored by Justice Meir Shamgar, the reasonableness ground was articulated for the first time as an independent ground of judicial review over administrative decisions, rather than merely as an indicator of other defects. The doctrine was later expanded by Justice Aharon Barak in HCJ 389/80 Dapei Zahav v. Broadcasting Authority (1980). Reported at P""D 30(2) 94.","בית המשפט העליון, בשבתו כבג""ץ ובהרכב של שלושה שופטים, דחה את העתירה פה אחד. בחוות-הדעת המובילה, שכתב השופט מאיר שמגר, נוסחה לראשונה עילת אי-הסבירות כעילה עצמאית לביקורת שיפוטית על החלטות מנהליות, ולא רק כאינדיקציה לפגמים אחרים. ההלכה הורחבה מאוחר יותר על-ידי השופט אהרן ברק בבג""ץ 389/80 דפי זהב נ' רשות השידור (1980). פורסם בפ""ד ל(2) 94.","n/a"
